Date,month,day,year,Time,Observer,Site,Species-old,Species,notes,Total,Counts,1,2,3,4,5,6,7,8,9,10,11,12,13,14,15,16,17,18,19,20,21,22,23,24,25,26,27,28,29,30,31,32,33,34,35,36,37,38,39,40,41,42,43,44,45,46,50,60
6/4/15,6,4,2015,,JEA,H5,stripped parrot,striped parrotfish,,,32,,,,,,,,10,,,22,,,,,,,,,,,,,,,,,,,,,,,,,,,,,,,,,,,,,
6/4/15,6,4,2015,,JEA,H5,white grunt,white grunt,,,1,,,,,,,,,,,,1,,,,,,,,,,,,,,,,,,,,,,,,,,,,,,,,,,,,
6/4/15,6,4,2015,,JEA,H5,doctorfish,doctorfish,,,2,,,,,,,,,,2,,,,,,,,,,,,,,,,,,,,,,,,,,,,,,,,,,,,,,
6/4/15,6,4,2015,,JEA,H5,squirrelfish,squirrelfish,,,6,,,,,,,,,,,,,6,,,,,,,,,,,,,,,,,,,,,,,,,,,,,,,,,,,
6/4/15,6,4,2015,,JEA,H5,blackbar soldierfish,blackbar soldierfish,,,20,,,,,,,,,,,,20,,,,,,,,,,,,,,,,,,,,,,,,,,,,,,,,,,,,
6/4/15,6,4,2015,,JEA,H5,reef squirrelfish,reef squirrelfish,,,20,,,,,,,,20,,,,,,,,,,,,,,,,,,,,,,,,,,,,,,,,,,,,,,,,
6/4/15,6,4,2015,,JEA,H5,beaugregory,beaugregory,,,1,,,,,,,,1,,,,,,,,,,,,,,,,,,,,,,,,,,,,,,,,,,,,,,,,
6/3/15,6,3,2015,,JEA,H8,squirrelfish,squirrelfish,,,5,,,,,,,,,,,,5,,,,,,,,,,,,,,,,,,,,,,,,,,,,,,,,,,,,
6/3/15,6,3,2015,,JEA,H8,bluehead wrasse,bluehead wrasse,,,1,,,,,,,,1,,,,,,,,,,,,,,,,,,,,,,,,,,,,,,,,,,,,,,,,
6/3/15,6,3,2015,,JEA,H8,banded butterfuly,banded butterflyfish,was just white and black - thought it was a juv angelfish of some sorts (how I labeled it on th survey)\,,1,,,,,,,,,,1,,,,,,,,,,,,,,,,,,,,,,,,,,,,,,,,,,,,,,
6/3/15,6,3,2015,,JEA,H8,yellow jack (juv),horse-eye jack,,,1,,,,,,,,,,,,,,1,,,,,,,,,,,,,,,,,,,,,,,,,,,,,,,,,,
6/3/15,6,3,2015,,JEA,H8,blue tang,blue tang,,,2,,,1,,1,,,,,,,,,,,,,,,,,,,,,,,,,,,,,,,,,,,,,,,,,,,
6/3/15,6,3,2015,,JEA,H8,slippery dick,slippery dick,,,8,,,,,5,,,,,,,3,,,,,,,,,,,,,,,,,,,,,,,,,,,,,,,,,,,,
6/3/15,6,3,2015,,JEA,H8,chain moray,chain moray,`,,1,,,,,,,,,,,,,,,,,,,,,,,,,,,,,,,,,,,,,,,,1,,,,,,,,
6/3/15,6,3,2015,,JEA,H8,blackbar soldierfish,blackbar soldierfish,,,3,,,,,,,,,,3,,,,,,,,,,,,,,,,,,,,,,,,,,,,,,,,,,,,,,
6/3/15,6,3,2015,,JEA,H8,reef squirrelfish,reef squirrelfish,,,4,,,,,,,4,,,,,,,,,,,,,,,,,,,,,,,,,,,,,,,,,,,,,,,,,
6/3/15,6,3,2015,,JEA,H8,fourspot butterflyfish,foureye butterflyfish,,,1,,,,,,,1,,,,,,,,,,,,,,,,,,,,,,,,,,,,,,,,,,,,,,,,,
6/3/15,6,3,2015,,JEA,H8,princess parrotfish,princess parrotfish,,,12,,,,,,,,6,,1,,5,,,,,,,,,,,,,,,,,,,,,,,,,,,,,,,,,,,,
6/3/15,6,3,2015,,JEA,H8,lobster (carapace length),invert,,,2,,,,1,,1,,,,,,,,,,,,,,,,,,,,,,,,,,,,,,,,,,,,,,,,,,
6/4/15,6,4,2015,,JEA,H4,stripped parrot,striped parrotfish,,,9,,,,,,,,3,,6,,,,,,,,,,,,,,,,,,,,,,,,,,,,,,,,,,,,,,
6/4/15,6,4,2015,,JEA,H4,emerald parrot,emerald parrotfish,,,4,,,,,,,,4,,,,,,,,,,,,,,,,,,,,,,,,,,,,,,,,,,,,,,,,
6/4/15,6,4,2015,,JEA,H4,squirrelfish,squirrelfish,,,16,,,,,,,,10,,5,,,,,,,1,,,,,,,,,,,,,,,,,,,,,,,,,,,,,,,
6/4/15,6,4,2015,,JEA,H4,stoplight parrotfish,stoplight parrotfish,,,1,,,,,,,,,,,1,,,,,,,,,,,,,,,,,,,,,,,,,,,,,,,,,,,,,
6/4/15,6,4,2015,,JEA,H4,blackbar soldierfish,blackbar soldierfish,,,15,,,,,,,,10,,5,,,,,,,,,,,,,,,,,,,,,,,,,,,,,,,,,,,,,,
6/4/15,6,4,2015,,JEA,H4,doctorfish,doctorfish,have surgeon onspreadsheet,,1,,,,,,,,1,,,,,,,,,,,,,,,,,,,,,,,,,,,,,,,,,,,,,,,,
6/4/15,6,4,2015,,JEA,H4,bucktooth parrotfish,bucktooth parrotfish,,,1,,,,,,,,,,1,,,,,,,,,,,,,,,,,,,,,,,,,,,,,,,,,,,,,,
6/4/15,6,4,2015,,JEA,H4,tan hamlet,butter hamlet,,,2,,,,,,,,,1,,,,,,,,,,,,,,,,1,,,,,,,,,,,,,,,,,,,,,,,
6/4/15,6,4,2015,,JEA,H4,slippery dick,slippery dick,,,11,,,,,,4,,4,,2,1,,,,,,,,,,,,,,,,,,,,,,,,,,,,,,,,,,,,,
6/4/15,6,4,2015,,JEA,H4,reef squirrelfish,reef squirrelfish,,,3,,,,,,,,3,,,,,,,,,,,,,,,,,,,,,,,,,,,,,,,,,,,,,,,,
6/4/15,6,4,2015,,JEA,H4,tomtate,tomtate,,,1,,,,,,,,,1,,,,,,,,,,,,,,,,,,,,,,,,,,,,,,,,,,,,,,,
6/4/15,6,4,2015,,JEA,H4,swimmer crab,invert,that red/orange crab related to blue crabs (blanking right now) - saw 2,,0,,,,,,,,,,,,,,,,,,,,,,,,,,,,,,,,,,,,,,,,,,,,,,,,
6/4/15,6,4,2015,,JEA,H4,coral shrimp,invert,lots (have 4 but likelyway more),,0,,,,,,,,,,,,,,,,,,,,,,,,,,,,,,,,,,,,,,,,,,,,,,,,
6/4/15,6,4,2015,,JEA,H6,doctorfish,doctorfish,,,5,,,,,,2,,,,,,2,,1,,,,,,,,,,,,,,,,,,,,,,,,,,,,,,,,,,
6/4/15,6,4,2015,,JEA,H6,reef squirrelfish,reef squirrelfish,this number I completely made up - I didn't record the number of reef squirrels bu tit was at least 10 and they were all about the same size class (reefs are typically a bit smaller),,10,,,,,,,,10,,,,,,,,,,,,,,,,,,,,,,,,,,,,,,,,,,,,,,,,
6/4/15,6,4,2015,,JEA,H6,blackbar soldierfish,blackbar soldierfish,,,60,,,,,,,,,,40,,20,,,,,,,,,,,,,,,,,,,,,,,,,,,,,,,,,,,,
6/4/15,6,4,2015,,JEA,H6,squirrelfish,squirrelfish,,,31,,,,,,,,,,11,20,,,,,,,,,,,,,,,,,,,,,,,,,,,,,,,,,,,,,
6/4/15,6,4,2015,,JEA,H6,slippery dick,slippery dick,,,16,,,,,,,,4,,,,2,10,,,,,,,,,,,,,,,,,,,,,,,,,,,,,,,,,,,
6/4/15,6,4,2015,,JEA,H6,tomtate,tomtate,"this is a combination of the tomtate and what I have labeled ""other grunt' on the survey which I now think is a tomtate",,26,,,,,,,,18,,,,8,,,,,,,,,,,,,,,,,,,,,,,,,,,,,,,,,,,,
6/4/15,6,4,2015,,JEA,H6,french anglefish,french angelfish,,,1,,,,,,,,1,,,,,,,,,,,,,,,,,,,,,,,,,,,,,,,,,,,,,,,,
6/4/15,6,4,2015,,JEA,H6,yellowtail damselfish,yellowtail damselfish,,,2,,,,,,1,,1,,,,,,,,,,,,,,,,,,,,,,,,,,,,,,,,,,,,,,,,
6/4/15,6,4,2015,,JEA,H6,french grunt,french grunt,,,1,,,,,,,,,1,,,,,,,,,,,,,,,,,,,,,,,,,,,,,,,,,,,,,,,
6/4/15,6,4,2015,,JEA,H6,white grunt,white grunt,,,6,,,,,,,,,,6,,,,,,,,,,,,,,,,,,,,,,,,,,,,,,,,,,,,,,
6/4/15,6,4,2015,,JEA,H6,slippery dick,slippery dick,,,3,,,,,3,,,,,,,,,,,,,,,,,,,,,,,,,,,,,,,,,,,,,,,,,,,
6/3/15,6,3,2015,,JEA,H7,silversides,invert,,,0,,millions of small ones all over the reef,,,,,,,,,,,,,,,,,,,,,,,,,,,,,,,,,,,,,,,,,,,,,,
6/3/15,6,3,2015,,JEA,H7,fourspot butterflyfish,foureye butterflyfish,"I had 2 @ with no number, but I remember them being smaller so I just said 5",,9,,,,,5,,,4,,,,,,,,,,,,,,,,,,,,,,,,,,,,,,,,,,,,,,,,
6/3/15,6,3,2015,,JEA,H7,blackbar soldierfish,blackbar soldierfish,,,18,,,,,,,,,8,10,,,,,,,,,,,,,,,,,,,,,,,,,,,,,,,,,,,,,,
6/3/15,6,3,2015,,JEA,H7,tomtate,tomtate,,,36,,,,,,,,,,17,,19,,,,,,,,,,,,,,,,,,,,,,,,,,,,,,,,,,,,
6/3/15,6,3,2015,,JEA,H7,reef squirrelfish,reef squirrelfish,,,29,,,,,,,,10,,19,,,,,,,,,,,,,,,,,,,,,,,,,,,,,,,,,,,,,,
6/3/15,6,3,2015,,JEA,H7,squirrelfish,squirrelfish,,,14,,,,,,,,,7,,,7,,,,,,,,,,,,,,,,,,,,,,,,,,,,,,,,,,,,
6/3/15,6,3,2015,,JEA,H7,stripped parrot,striped parrotfish,,,15,,,,,,,,15,,,,,,,,,,,,,,,,,,,,,,,,,,,,,,,,,,,,,,,,
6/3/15,6,3,2015,,JEA,H7,emerald parrot,emerald parrotfish,,,11,,,,,,,,,,6,,5,,,,,,,,,,,,,,,,,,,,,,,,,,,,,,,,,,,,
6/3/15,6,3,2015,,JEA,H7,beaugregory,beaugregory,,,2,,,,,,,,2,,,,,,,,,,,,,,,,,,,,,,,,,,,,,,,,,,,,,,,,
6/3/15,6,3,2015,,JEA,H7,french grunt,french grunt,,,1,,,,,,,,,1,,,,,,,,,,,,,,,,,,,,,,,,,,,,,,,,,,,,,,,
6/3/15,6,3,2015,,JEA,H7,blue parrot,blue parrotfish,"this is not actually a blue parrot but that really colorful version of I think a princess or an emerald with blue, pink and red ",,1,,,,,,,,,,,,,,1,,,,,,,,,,,,,,,,,,,,,,,,,,,,,,,,,,
6/3/15,6,3,2015,,JEA,H7,gray snapper,gray snapper,,,1,,,,,,,,,,1,,,,,,,,,,,,,,,,,,,,,,,,,,,,,,,,,,,,,,
6/5/15,6,5,2015,,JEA,H3,squirrelfish,squirrelfish,,,59,,,,,,,,25,,,12,20,,,,,2,,,,,,,,,,,,,,,,,,,,,,,,,,,,,,,
6/5/15,6,5,2015,,JEA,H3,doctorfish,doctorfish,,,2,,,,,,,1,,,,,,1,,,,,,,,,,,,,,,,,,,,,,,,,,,,,,,,,,,
6/5/15,6,5,2015,,JEA,H3,sharpnose puffer,sharpnose puffer,,,5,,,2,,3,,,,,,,,,,,,,,,,,,,,,,,,,,,,,,,,,,,,,,,,,,,
6/5/15,6,5,2015,,JEA,H3,reef squirrelfish,reef squirrelfish,,,15,,,,,,,,10,,5,,,,,,,,,,,,,,,,,,,,,,,,,,,,,,,,,,,,,,
6/5/15,6,5,2015,,JEA,H3,blackbar soldierfish,blackbar soldierfish,,,10,,,,,,,,,,,10,,,,,,,,,,,,,,,,,,,,,,,,,,,,,,,,,,,,,
6/5/15,6,5,2015,,JEA,H3,beaugregory,beaugregory,,,2,,,,,,,,2,,,,,,,,,,,,,,,,,,,,,,,,,,,,,,,,,,,,,,,,
6/5/15,6,5,2015,,JEA,H3,lionfish,lionfish,,,1,,,,,,,,,,,,1,,,,,,,,,,,,,,,,,,,,,,,,,,,,,,,,,,,,
6/5/15,6,5,2015,,JEA,H3,juvenile grunt,juvenile grunt,,,100,,,,100,,,,,,,,,,,,,,,,,,,,,,,,,,,,,,,,,,,,,,,,,,,,
6/5/15,6,5,2015,,JEA,H3,lobster (carapace length),invert,I could not see it so I really don't know what size it was - it honestly looked like it could have been decent sized given the size of the antennae,,0,,,,,,,,,,,,,,,,,,,,,,,,,,,,,,,,,,,,,,,,,,,,,,,,
6/5/15,6,5,2015,,JEA,H3,spotted moray,spotted moray,,,1,,,,,,,,,,,,,,,,,,,,,,,,,,,,,,,,,,,,,,,,1,,,,,,,,
6/5/15,6,5,2015,,JEA,H3,stoplight parrotfish,stoplight parrotfish,,,1,,,,,,,,,,,,1,,,,,,,,,,,,,,,,,,,,,,,,,,,,,,,,,,,,
6/5/15,6,5,2015,,JEA,H3,stripped parrot,striped parrotfish,,,11,,,,,,6,,5,,,,,,,,,,,,,,,,,,,,,,,,,,,,,,,,,,,,,,,,
6/5/15,6,5,2015,,JEA,H2,juvenile grunt,juvenile grunt,,,100,,100,,,,,,,,,,,,,,,,,,,,,,,,,,,,,,,,,,,,,,,,,,,,,,
6/5/15,6,5,2015,,JEA,H2,bar jack,bar jack,,,4,,,,,,,,,,,,4,,,,,,,,,,,,,,,,,,,,,,,,,,,,,,,,,,,,
6/5/15,6,5,2015,,JEA,H2,seargent major,sergeant major,,,0,,,,,,,,,,,,,,,,,,,,,,,,,,,,,,,,,,,,,,,,,,,,,,,,
6/5/15,6,5,2015,,JEA,H2,rock beauty,rock beauty,,,2,,,,,,,,1,,,,1,,,,,,,,,,,,,,,,,,,,,,,,,,,,,,,,,,,,
6/5/15,6,5,2015,,JEA,H2,bluehead wrasse,bluehead wrasse,juv,,2,,,,,,2,,,,,,,,,,,,,,,,,,,,,,,,,,,,,,,,,,,,,,,,,,
6/5/15,6,5,2015,,JEA,H2,spotted moray,spotted moray,,,1,,,,,,,,,,,,,,,,,,,,,,,,,,,,,,,,,,,,,,,,1,,,,,,,,
6/5/15,6,5,2015,,JEA,H2,yellow jack,horse-eye jack,juv,,2,,,,,,,,,,,,,,2,,,,,,,,,,,,,,,,,,,,,,,,,,,,,,,,,,
6/5/15,6,5,2015,,JEA,H2,doctorfish,doctorfish,,,2,,,,,,1,,,,,,1,,,,,,,,,,,,,,,,,,,,,,,,,,,,,,,,,,,,
6/5/15,6,5,2015,,JEA,H2,squirrelfish,squirrelfish,,,1,,,,,,,,,,,,,,,,1,,,,,,,,,,,,,,,,,,,,,,,,,,,,,,,,
6/5/15,6,5,2015,,JEA,H2,sharpnose puffer,sharpnose puffer,,,8,,,3,,4,,,1,,,,,,,,,,,,,,,,,,,,,,,,,,,,,,,,,,,,,,,,
6/5/15,6,5,2015,,JEA,H2,redtail parrotfish,redtail parrotfish,,,3,,,,,,,,3,,,,,,,,,,,,,,,,,,,,,,,,,,,,,,,,,,,,,,,,
6/5/15,6,5,2015,,JEA,H2,bucktooth parrotfish,bucktooth parrotfish,,,1,,,,,,,,,,1,,,,,,,,,,,,,,,,,,,,,,,,,,,,,,,,,,,,,,
6/5/15,6,5,2015,,JEA,H2,stripped parrot,striped parrotfish,,,10,,,,,,10,,,,,,,,,,,,,,,,,,,,,,,,,,,,,,,,,,,,,,,,,,
6/5/15,6,5,2015,,JEA,H2,stoplioght parrot,stoplight parrotfish,,,1,,,,,,,,,1,,,,,,,,,,,,,,,,,,,,,,,,,,,,,,,,,,,,,,,
6/5/15,6,5,2015,,JEA,H2,princess parrotfish,princess parrotfish,,,4,,,,,,,,3,,,,1,,,,,,,,,,,,,,,,,,,,,,,,,,,,,,,,,,,,
6/5/15,6,5,2015,,JEA,H2,bluehead wrasse,bluehead wrasse,,,3,,,,,,,3,,,,,,,,,,,,,,,,,,,,,,,,,,,,,,,,,,,,,,,,,
6/5/15,6,5,2015,,JEA,H2,rock hind,rock hind,,,1,,,,,,,,,,,,,,1,,,,,,,,,,,,,,,,,,,,,,,,,,,,,,,,,,
6/5/15,6,5,2015,,JEA,H2,slippery dick,slippery dick,,,8,,,,,,4,,,,,4,,,,,,,,,,,,,,,,,,,,,,,,,,,,,,,,,,,,,
6/5/15,6,5,2015,,JEA,H2,blackbar soldierfish,blackbar soldierfish,,,5,,,,,,,,5,,,,,,,,,,,,,,,,,,,,,,,,,,,,,,,,,,,,,,,,
6/5/15,6,5,2015,,JEA,H2,reef squirrelfish,reef squirrelfish,,,8,,,,,,,,8,,,,,,,,,,,,,,,,,,,,,,,,,,,,,,,,,,,,,,,,
6/5/15,6,5,2015,,JEA,H2,squirrelfish,squirrelfish,,,30,,,,,,,,,,10,,15,,5,,,,,,,,,,,,,,,,,,,,,,,,,,,,,,,,,,
6/5/15,6,5,2015,,JEA,H1,rock hind,rock hind,,,3,,,,,,,,,,2,,,1,,,,,,,,,,,,,,,,,,,,,,,,,,,,,,,,,,,
6/5/15,6,5,2015,,JEA,H1,bucktooth parrotfish,bucktooth parrotfish,,,2,,,,,,,,,,2,,,,,,,,,,,,,,,,,,,,,,,,,,,,,,,,,,,,,,
6/5/15,6,5,2015,,JEA,H1,stoplight parrotfish,stoplight parrotfish,,,1,,,,,,,,,,1,,,,,,,,,,,,,,,,,,,,,,,,,,,,,,,,,,,,,,
6/5/15,6,5,2015,,JEA,H1,blue tang,blue tang,,,1,,,,,,,,1,,,,,,,,,,,,,,,,,,,,,,,,,,,,,,,,,,,,,,,,
6/5/15,6,5,2015,,JEA,H1,emerald parrot,emerald parrotfish,,,5,,,,,,,3,1,,1,,,,,,,,,,,,,,,,,,,,,,,,,,,,,,,,,,,,,,
6/5/15,6,5,2015,,JEA,H1,tan hamlet,butter hamlet,,,1,,,,,,,,1,,,,,,,,,,,,,,,,,,,,,,,,,,,,,,,,,,,,,,,,
6/5/15,6,5,2015,,JEA,H1,tomtate,tomtate,,,4,,,,,,,,,,4,,,,,,,,,,,,,,,,,,,,,,,,,,,,,,,,,,,,,,
6/5/15,6,5,2015,,JEA,H1,stripped parrot,striped parrotfish,,,4,,,,,,,,4,,,,,,,,,,,,,,,,,,,,,,,,,,,,,,,,,,,,,,,,
6/5/15,6,5,2015,,JEA,H1,redtail parrotfish,redtail parrotfish,,,1,,,,,,,,,,,,1,,,,,,,,,,,,,,,,,,,,,,,,,,,,,,,,,,,,
6/5/15,6,5,2015,,JEA,H1,sharpnose puffer,sharpnose puffer,,,3,,,2,,1,,,,,,,,,,,,,,,,,,,,,,,,,,,,,,,,,,,,,,,,,,,
6/5/15,6,5,2015,,JEA,H1,blackbar soldierfish,blackbar soldierfish,,,15,,,,,,,,15,,,,,,,,,,,,,,,,,,,,,,,,,,,,,,,,,,,,,,,,
6/5/15,6,5,2015,,JEA,H1,reef squirrelfish,reef squirrelfish,,,4,,,,,,,,4,,,,,,,,,,,,,,,,,,,,,,,,,,,,,,,,,,,,,,,,
6/5/15,6,5,2015,,JEA,H1,squirrelfish,squirrelfish,,,8,,,,,,,,,,,,8,,,,,,,,,,,,,,,,,,,,,,,,,,,,,,,,,,,,
6/5/15,6,5,2015,,JEA,H1,rock beauty,rock beauty,yellow and black dude,,1,,,,,,,,1,,,,,,,,,,,,,,,,,,,,,,,,,,,,,,,,,,,,,,,,
6/5/15,6,5,2015,,JEA,H1,bluehead wrasse,bluehead wrasse,,,1,,,1,,,,,,,,,,,,,,,,,,,,,,,,,,,,,,,,,,,,,,,,,,,,,
6/5/15,6,5,2015,,JEA,H1,orange wrasse dude,creole wrasse,,,2,,,,1,,1,,,,,,,,,,,,,,,,,,,,,,,,,,,,,,,,,,,,,,,,,,
6/5/15,6,5,2015,,JEA,H1,slippery dick,slippery dick,,,3,,,,,,,,2,,1,,,,,,,,,,,,,,,,,,,,,,,,,,,,,,,,,,,,,,
5/21/16,5,21,2016,1000,JEA,H8,squirrelfish,squirrelfish,,,25,,,,,,,,5,,10,,,10,,,,,,,,,,,,,,,,,,,,,,,,,,,,,,,,,,,
5/21/16,5,21,2016,1000,JEA,H8,blackbar soldierfish,blackbar soldierfish,,,35,,,,,10,,15,,10,,,,,,,,,,,,,,,,,,,,,,,,,,,,,,,,,,,,,,,
5/21/16,5,21,2016,1000,JEA,H8,stripped parrotfish,stripped parrotfish,,,120,,,,,,60,,60,,,,,,,,,,,,,,,,,,,,,,,,,,,,,,,,,,,,,,,,
5/21/16,5,21,2016,1000,JEA,H8,schoolmaster snapper,schoolmaster snapper,,,21,,,,,,,,,,15,,,5,,1,,,,,,,,,,,,,,,,,,,,,,,,,,,,,,,,,
5/21/16,5,21,2016,1000,JEA,H8,onespot butterflyfish,foureye butterflyfish,,,5,,,,,,5,,,,,,,,,,,,,,,,,,,,,,,,,,,,,,,,,,,,,,,,,,
5/21/16,5,21,2016,1000,JEA,H8,high hat,high hat,,,16,,,,,8,,8,,,,,,,,,,,,,,,,,,,,,,,,,,,,,,,,,,,,,,,,,
5/21/16,5,21,2016,1000,JEA,H8,princess parrotfish,princess parrotfish,could be princess parrotfish not sure -checked and it is,,40,,,,,40,,,,,,,,,,,,,,,,,,,,,,,,,,,,,,,,,,,,,,,,,,,
5/21/16,5,21,2016,1000,JEA,H8,slippery dick,slippery dick,,,15,,,,,,10,,5,,,,,,,,,,,,,,,,,,,,,,,,,,,,,,,,,,,,,,,,
5/21/16,5,21,2016,1000,JEA,H8,blue tang,blue tang,,,3,,,,1,,,2,,,,,,,,,,,,,,,,,,,,,,,,,,,,,,,,,,,,,,,,,
5/21/16,5,21,2016,1000,JEA,H8,redtail parrotfish,redtail parrotfish,,,10,,,,,,,,10,,,,,,,,,,,,,,,,,,,,,,,,,,,,,,,,,,,,,,,,
5/21/16,5,21,2016,1000,JEA,H8,black grouper,black grouper,,,1,,,,,,,,,,1,,,,,,,,,,,,,,,,,,,,,,,,,,,,,,,,,,,,,,
5/21/16,5,21,2016,1000,JEA,H8,bucktooth parrotfish,bucktooth parrotfish,,,10,,,,,,,,10,,,,,,,,,,,,,,,,,,,,,,,,,,,,,,,,,,,,,,,,
5/21/16,5,21,2016,1000,JEA,H8,french grunt,french grunt,,,20,,,,,,,20,,,,,,,,,,,,,,,,,,,,,,,,,,,,,,,,,,,,,,,,,
5/21/16,5,21,2016,1000,JEA,H8,tomtate,tomtate,,,100,,,,,,,,60,,40,,,,,,,,,,,,,,,,,,,,,,,,,,,,,,,,,,,,,,
5/22/16,5,22,2016,1000,JEA,H6,blackear wrasse,blackear wrasse,,,1,,,,,,,,1,,,,,,,,,,,,,,,,,,,,,,,,,,,,,,,,,,,,,,,,
5/22/16,5,22,2016,1000,JEA,H6,tomtate,tomtate,,,110,,,,,,,,,70,,40,,,,,,,,,,,,,,,,,,,,,,,,,,,,,,,,,,,,,
5/22/16,5,22,2016,1000,JEA,H6,white grunt,white grunt,,,30,,,,,,,,,10,,20,,,,,,,,,,,,,,,,,,,,,,,,,,,,,,,,,,,,,
5/22/16,5,22,2016,1000,JEA,H6,squirrelfish,squirrelfish,,,38,,,,,,8,,10,,20,,,,,,,,,,,,,,,,,,,,,,,,,,,,,,,,,,,,,,
5/22/16,5,22,2016,1000,JEA,H6,blackbar soldierfish,blackbar soldierfish,,,130,,,,,,,,,130,,,,,,,,,,,,,,,,,,,,,,,,,,,,,,,,,,,,,,,
5/22/16,5,22,2016,1000,JEA,H6,beaugregory,beaugregory,,,2,,,,,,,,2,,,,,,,,,,,,,,,,,,,,,,,,,,,,,,,,,,,,,,,,
5/22/16,5,22,2016,1000,JEA,H6,blue chromis,blue chromis,,,2,,,,,,2,,,,,,,,,,,,,,,,,,,,,,,,,,,,,,,,,,,,,,,,,,
5/22/16,5,22,2016,1000,JEA,H6,blue tang,blue tang,,,2,,,,,,2,,,,,,,,,,,,,,,,,,,,,,,,,,,,,,,,,,,,,,,,,,
5/23/16,5,23,2016,,JEA,H7,blue tang,blue tang,,,4,,,,,3,1,,,,,,,,,,,,,,,,,,,,,,,,,,,,,,,,,,,,,,,,,,
5/23/16,5,23,2016,,JEA,H7,surgeonfish,doctorfish,,,4,,,,,,,,4,,,,,,,,,,,,,,,,,,,,,,,,,,,,,,,,,,,,,,,,
5/23/16,5,23,2016,,JEA,H7,french grunt,french grunt,,,10,,,,,,10,,,,,,,,,,,,,,,,,,,,,,,,,,,,,,,,,,,,,,,,,,
5/23/16,5,23,2016,,JEA,H7,tomtate,tomtate,,,180,,,,,,,,90,,90,,,,,,,,,,,,,,,,,,,,,,,,,,,,,,,,,,,,,,
5/23/16,5,23,2016,,JEA,H7,porkfish,porkfish,,,1,,,,,1,,,,,,,,,,,,,,,,,,,,,,,,,,,,,,,,,,,,,,,,,,,
5/23/16,5,23,2016,,JEA,H7,schoolmaster snapper,schoolmaster snapper,,,15,,,,,,,,,,,,10,,5,,,,,,,,,,,,,,,,,,,,,,,,,,,,,,,,,,
5/23/16,5,23,2016,,JEA,H7,horseeye jack,horse-eye jack,,,10,,,,,,,,,,,,,,10,,,,,,,,,,,,,,,,,,,,,,,,,,,,,,,,,,
5/23/16,5,23,2016,,JEA,H7,princess parrotfish,princess parrotfish,could be princess parrotfish not sure but likely a mixure of both? - it is not I am calling these princess parrots,,51,,,,,,,50,,,,,,,,1,,,,,,,,,,,,,,,,,,,,,,,,,,,,,,,,,
5/23/16,5,23,2016,,JEA,H7,foureye butterflyfish,foureye butterflyfish,,,6,,,,,6,,,,,,,,,,,,,,,,,,,,,,,,,,,,,,,,,,,,,,,,,,,
5/23/16,5,23,2016,,JEA,H7,stripped parrotfish,stripped parrotfish,,,60,,,,,,,60,,,,,,,,,,,,,,,,,,,,,,,,,,,,,,,,,,,,,,,,,
5/23/16,5,23,2016,,JEA,H7,high hat,high hat,,,4,,,,,,4,,,,,,,,,,,,,,,,,,,,,,,,,,,,,,,,,,,,,,,,,,
5/23/16,5,23,2016,,JEA,H7,beaugregory,beaugregory,,,3,,,,,,3,,,,,,,,,,,,,,,,,,,,,,,,,,,,,,,,,,,,,,,,,,
5/23/16,5,23,2016,,JEA,H7,hamlet,hamlet,this was the blue/gray one,,1,,,,,1,,,,,,,,,,,,,,,,,,,,,,,,,,,,,,,,,,,,,,,,,,,
5/23/16,5,23,2016,,JEA,H2,blackbar soldierfish,blackbar soldierfish,,,20,,,,,,,,,,15,,,,,5,,,,,,,,,,,,,,,,,,,,,,,,,,,,,,,,,
5/23/16,5,23,2016,,JEA,H2,blue tang,blue tang,,,1,,,,,,1,,,,,,,,,,,,,,,,,,,,,,,,,,,,,,,,,,,,,,,,,,
5/23/16,5,23,2016,,JEA,H2,tomtate,tomtate,,,495,,400,70,,,25,,,,,,,,,,,,,,,,,,,,,,,,,,,,,,,,,,,,,,,,,,
5/23/16,5,23,2016,,JEA,H2,white grunt,white grunt,,,10,,,,,,10,,,,,,,,,,,,,,,,,,,,,,,,,,,,,,,,,,,,,,,,,,
5/23/16,5,23,2016,,JEA,H2,stripped parrotfish,stripped parrotfish,,,30,,,15,,,,15,,,,,,,,,,,,,,,,,,,,,,,,,,,,,,,,,,,,,,,,,
5/23/16,5,23,2016,,JEA,H2,goldspot goby,goby,these are those that filter sand with their mouth,,15,,,,,15,,,,,,,,,,,,,,,,,,,,,,,,,,,,,,,,,,,,,,,,,,,
5/23/16,5,23,2016,,JEA,H2,sharpnose pufferfish,sharpnose puffer,,,10,,,5,,5,,,,,,,,,,,,,,,,,,,,,,,,,,,,,,,,,,,,,,,,,,,
5/23/16,5,23,2016,,JEA,H2,redtail parrotfish,redtail parrotfish,,,5,,,,,,,,,,,5,,,,,,,,,,,,,,,,,,,,,,,,,,,,,,,,,,,,,
5/23/16,5,23,2016,,JEA,H2,reef squirrelfish,reef squirrelfish,,,15,,,,,,5,10,,,,,,,,,,,,,,,,,,,,,,,,,,,,,,,,,,,,,,,,,
5/23/16,5,23,2016,,JEA,H2,lionfish,lionfish,,,1,,,,,,,,,,,,,,,,1,,,,,,,,,,,,,,,,,,,,,,,,,,,,,,,,
5/23/16,5,23,2016,,JEA,H2,portunid crab,invert,,,2,,,,,,,,,,,,,,,,,,,,,,,,,,,,,,,,,,,,,,,,,,,,,,,,
5/23/16,5,23,2016,,JEA,H2,purplemouth moray,purplemouth moray,,,2,,,,,,,,,,,,,,,,,,,,,,,,,,,,,,,,,,,,,,,,,,,,,,,,2
5/23/16,5,23,2016,,JEA,H2,black grouper,black grouper,this was a totally black grouper - maybe some type of coney or something - 5-25-16 a day later - I now think it was a black grouper.  It was totally black but certainly bigger than a regular,,1,,,,,,,,,,,,,,,,,,,,,,,,,,,,,,,,,,,1,,,,,,,,,,,,,
5/23/16,5,23,2016,,JEA,H2,stoplight parrotfish,stoplight parrotfish,,,1,,,,,,1,,,,,,,,,,,,,,,,,,,,,,,,,,,,,,,,,,,,,,,,,,
5/23/16,5,23,2016,,JEA,H2,slippery dick,slippery dick,I didn't actually record the numbers for SD,,8,,,,,4,,,,,4,,,,,,,,,,,,,,,,,,,,,,,,,,,,,,,,,,,,,,
5/23/16,5,23,2016,,JEA,H2,yellowhead wrasse,yellowhead wrasse,I am not sure that this is a creole wrasse but it has a light orange/pink/purple colors that sort of transitions across the body - confirmed later it is a yellowhead wrasse juv stage,,1,,,,,,,,1,,,,,,,,,,,,,,,,,,,,,,,,,,,,,,,,,,,,,,,,
5/23/16,5,23,2016,,JEA,H1,princess parrotfish,princess parrotfish,these could be emerald parrots but I think princess parrots,,57,,,,,30,,,15,,,,10,,2,,,,,,,,,,,,,,,,,,,,,,,,,,,,,,,,,,
5/23/16,5,23,2016,,JEA,H1,stoplight parrotfish,stoplight parrotfish,,,1,,,,,,,,1,,,,,,,,,,,,,,,,,,,,,,,,,,,,,,,,,,,,,,,,
5/23/16,5,23,2016,,JEA,H1,purplemouth moray,purplemouth moray,,,1,,,,,,,,,,,,,,,,,,,,,,,,,,,,,,,,,,,,,,,,,,,,,,,1,
5/23/16,5,23,2016,,JEA,H1,reef squirrelfish,reef squirrelfish,,,10,,,,,,10,,,,,,,,,,,,,,,,,,,,,,,,,,,,,,,,,,,,,,,,,,
5/23/16,5,23,2016,,JEA,H1,trumpetfish,trumpetfish,,,2,,,,,,,,,,,,,,,,,,,,,,,,,1,,,,,,,,,,,,,,,,,,,,1,,,
5/23/16,5,23,2016,,JEA,H1,goldspot goby,goby,these are those that filter sand with their mouth - I changed this to 4 because there were certainly more than 1 as I had recorded,,16,,,,,,8,,8,,,,,,,,,,,,,,,,,,,,,,,,,,,,,,,,,,,,,,,,
5/23/16,5,23,2016,,JEA,H1,bluehead parrotfish,blue parrotfish,,,1,,,,,,,,,,,,1,,,,,,,,,,,,,,,,,,,,,,,,,,,,,,,,,,,,
5/23/16,5,23,2016,,JEA,H1,slippery dick,slippery dick,,,5,,,,,,,,,,5,,,,,,,,,,,,,,,,,,,,,,,,,,,,,,,,,,,,,,
5/23/16,5,23,2016,,JEA,H1,blackbar soldierfish,blackbar soldierfish,,,28,,,,,,20,,,,,,,,,8,,,,,,,,,,,,,,,,,,,,,,,,,,,,,,,,,
5/23/16,5,23,2016,,JEA,H1,squirrelfish,squirrelfish,,,5,,,,,,,,,,5,,,,,,,,,,,,,,,,,,,,,,,,,,,,,,,,,,,,,,
5/23/16,5,23,2016,,JEA,H1,tomtate,tomtate,,,410,,250,100,40,15,5,,,,,,,,,,,,,,,,,,,,,,,,,,,,,,,,,,,,,,,,,,
5/23/16,5,23,2016,,JEA,H1,white grunt,white grunt,,,25,,,,10,,15,,,,,,,,,,,,,,,,,,,,,,,,,,,,,,,,,,,,,,,,,,
5/23/16,5,23,2016,,JEA,H1,doctorfish,doctorfish,,,1,,,,,1,,,,,,,,,,,,,,,,,,,,,,,,,,,,,,,,,,,,,,,,,,,
5/23/16,5,23,2016,,JEA,H1,blue tang,blue tang,,,1,,,,,1,,,,,,,,,,,,,,,,,,,,,,,,,,,,,,,,,,,,,,,,,,,
5/23/16,5,23,2016,,JEA,H1,box crab,invert,,,1,,,,,,,,,,,,,,,,,,,,,,,,,,,,,,,,,,,,,,,,,,,,,,,,
5/23/16,5,23,2016,,JEA,H1,lobster,invert,,,2,,,,,,,,,,,,,,,1,,,,,1,,,,,,,,,,,,,,,,,,,,,,,,,,,,
5/22/16,5,22,2016,,JEA,H4,blackbar soldierfish,blackbar soldierfish,,,14,,,,,,,,,10,,,3,1,,,,,,,,,,,,,,,,,,,,,,,,,,,,,,,,,,,
5/22/16,5,22,2016,,JEA,H4,blue tang,blue tang,,,2,,,,,1,,,1,,,,,,,,,,,,,,,,,,,,,,,,,,,,,,,,,,,,,,,,
5/22/16,5,22,2016,,JEA,H4,seargent major,sergeant major,,,1,,,,,,,,,1,,,,,,,,,,,,,,,,,,,,,,,,,,,,,,,,,,,,,,,
5/22/16,5,22,2016,,JEA,H4,sharpnose pufferfish,sharpnose puffer,,,4,,,,,2,2,,,,,,,,,,,,,,,,,,,,,,,,,,,,,,,,,,,,,,,,,,
5/22/16,5,22,2016,,JEA,H4,squirrelfish,squirrelfish,,,12,,,,,,,,,,4,,5,,3,,,,,,,,,,,,,,,,,,,,,,,,,,,,,,,,,,
5/22/16,5,22,2016,,JEA,H4,reef squirrelfish,reef squirrelfish,,,5,,,,,,,,,,5,,,,,,,,,,,,,,,,,,,,,,,,,,,,,,,,,,,,,,
5/22/16,5,22,2016,,JEA,H4,mutton snapper,mutton snapper,,,1,,,,,,,,,,,,,,,,,,,,,,,,,,,,,,,,,,,,,,,,1,,,,,,,,
5/22/16,5,22,2016,,JEA,H4,juvenile grunts,grunt,,,160,50,70,,40,,,,,,,,,,,,,,,,,,,,,,,,,,,,,,,,,,,,,,,,,,,,
5/22/16,5,22,2016,,JEA,H4,slippery dick,slippery dick,,,5,,,,,,3,,,,2,,,,,,,,,,,,,,,,,,,,,,,,,,,,,,,,,,,,,,
5/22/16,5,22,2016,,JEA,H4,barred hamlet,barred hamlet,,,2,,,,,,,2,,,,,,,,,,,,,,,,,,,,,,,,,,,,,,,,,,,,,,,,,
5/22/16,5,22,2016,,JEA,H4,lobster,invert,,,5,,,,,,,,,,,,,,,5,,,,,,,,,,,,,,,,,,,,,,,,,,,,,,,,,
5/22/16,5,22,2016,,JEA,H4,spider crab,invert,,,1,,,,,,,,,,,,,,,,,,,,,,,,,,,,,,,,,,,,,,,,,,,,,,,,
5/22/16,5,22,2016,,JEA,H4,portunid crab,invert,,,1,,,,,,,,,,,,,,,,,,,,,,,,,,,,,,,,,,,,,,,,,,,,,,,,
5/22/16,5,22,2016,,JEA,H4,stoplight parrotfish,stoplight parrotfish,,,1,,,,,,,1,,,,,,,,,,,,,,,,,,,,,,,,,,,,,,,,,,,,,,,,,
5/22/16,5,22,2016,,JEA,H4,stripped parrotfish,stripped parrotfish,,,3,,,,,,,3,,,,,,,,,,,,,,,,,,,,,,,,,,,,,,,,,,,,,,,,,
5/22/16,5,22,2016,,JEA,H4,bucktooth parrotfish,bucktooth parrotfish,,,1,,,,,,,1,,,,,,,,,,,,,,,,,,,,,,,,,,,,,,,,,,,,,,,,,
5/22/16,5,22,2016,,JEA,H4,blenny,blenny sp,not sure what species this is,,3,,,,3,,,,,,,,,,,,,,,,,,,,,,,,,,,,,,,,,,,,,,,,,,,,
5/22/16,5,22,2016,,JEA,H3,cottonwick,cottonwick,,,10,,,,,,,10,,,,,,,,,,,,,,,,,,,,,,,,,,,,,,,,,,,,,,,,,
5/22/16,5,22,2016,,JEA,H3,tomtate,tomtate,,,50,,,,25,,25,,,,,,,,,,,,,,,,,,,,,,,,,,,,,,,,,,,,,,,,,,
5/22/16,5,22,2016,,JEA,H3,white grunt,white grunt,,,55,,,,20,,35,,,,,,,,,,,,,,,,,,,,,,,,,,,,,,,,,,,,,,,,,,
5/22/16,5,22,2016,,JEA,H3,french grunt,french grunt,,,10,,,,,,10,,,,,,,,,,,,,,,,,,,,,,,,,,,,,,,,,,,,,,,,,,
5/22/16,5,22,2016,,JEA,H3,redtail parrotfish,redtail parrotfish,,,15,,,,,,5,,,10,,,,,,,,,,,,,,,,,,,,,,,,,,,,,,,,,,,,,,,
5/22/16,5,22,2016,,JEA,H3,beaugregory,beaugregory,,,3,,,,,,2,,1,,,,,,,,,,,,,,,,,,,,,,,,,,,,,,,,,,,,,,,,
5/22/16,5,22,2016,,JEA,H3,blue tang,blue tang,,,1,,,,,,,,,,,,,,,,,1,,,,,,,,,,,,,,,,,,,,,,,,,,,,,,,
5/22/16,5,22,2016,,JEA,H3,squirrelfish,squirrelfish,,,14,,,,,,,,,,,,,,10,,,,4,,,,,,,,,,,,,,,,,,,,,,,,,,,,,,
5/22/16,5,22,2016,,JEA,H3,reef squirrelfish,reef squirrelfish,,,25,,,,,10,,,15,,,,,,,,,,,,,,,,,,,,,,,,,,,,,,,,,,,,,,,,
5/22/16,5,22,2016,,JEA,H3,goldspot goby,goby,these are those that filter sand with their mouth - I changed this to 4 because there were certainly more than 1 as I had recorded,,4,,,,,,,4,,,,,,,,,,,,,,,,,,,,,,,,,,,,,,,,,,,,,,,,,
5/22/16,5,22,2016,,JEA,H3,foureye butterflyfish,foureye butterflyfish,,,4,,,,4,,,,,,,,,,,,,,,,,,,,,,,,,,,,,,,,,,,,,,,,,,,,
5/22/16,5,22,2016,,JEA,H3,blackbar soldierfish,blackbar soldierfish,,,40,,,,,,25,,,15,,,,,,,,,,,,,,,,,,,,,,,,,,,,,,,,,,,,,,,
5/22/16,5,22,2016,,JEA,H3,princess parrotfish,princess parrotfish,this could be an emerald but I think princess,,8,,,,,,,5,,3,,,,,,,,,,,,,,,,,,,,,,,,,,,,,,,,,,,,,,,
5/22/16,5,22,2016,,JEA,H3,sharpnose pufferfish,sharpnose puffer,,,8,,,,2,4,,2,,,,,,,,,,,,,,,,,,,,,,,,,,,,,,,,,,,,,,,,,
5/22/16,5,22,2016,,JEA,H3,black hamlet,black hamlet,the other ones in other survyes are the gray/blue molted ones,,2,,,,,,,,,,,,,,2,,,,,,,,,,,,,,,,,,,,,,,,,,,,,,,,,,
5/22/16,5,22,2016,,JEA,H3,yellowhead wrasse,yellowhead wrasse,this was in another site as well and not recorded at H1 as well,,1,,,,,,,,1,,,,,,,,,,,,,,,,,,,,,,,,,,,,,,,,,,,,,,,,
5/22/16,5,22,2016,,JEA,H3,slippery dick,slippery dick,,,10,,,,,,5,,,,5,,,,,,,,,,,,,,,,,,,,,,,,,,,,,,,,,,,,,,
5/22/16,5,22,2016,,JEA,H3,stripped parrotfish,stripped parrotfish,,,20,,,,10,,10,,,,,,,,,,,,,,,,,,,,,,,,,,,,,,,,,,,,,,,,,,
5/22/16,5,22,2016,,JEA,H3,purplemouth moray,purplemouth moray,,,1,,,,,,,,,,,,,,,,,,,,,,,,,,,,,,,,,,,,,,,,1,,,,,,,,
5/22/16,5,22,2016,,JEA,H3,chain moray,chain moray,not sure what this is per se but was super molted on the head - I think golden is right - confirmed it was a chain moray,,1,,,,,,,,,,,,,,,,,,,,,,,,,,,,,,,,,,,,,,,,1,,,,,,,,
5/22/16,5,22,2016,,JEA,H5,lionfish,lionfish,,,15,,,,,,,,,,,,1,,14,,,,,,,,,,,,,,,,,,,,,,,,,,,,,,,,,,
5/22/16,5,22,2016,,JEA,H5,stripped parrotfish,stripped parrotfish,I forgot to actually count these dudes up but I remember ok,,15,,,,,,15,,,,,,,,,,,,,,,,,,,,,,,,,,,,,,,,,,,,,,,,,,
5/22/16,5,22,2016,,JEA,H5,princess parrotfish,princess parrotfish,,,60,,,,,,60,,,,,,,,,,,,,,,,,,,,,,,,,,,,,,,,,,,,,,,,,,
5/22/16,5,22,2016,,JEA,H5,stoplight parrotfish,stoplight parrotfish,,,1,,,,,,1,,,,,,,,,,,,,,,,,,,,,,,,,,,,,,,,,,,,,,,,,,
5/22/16,5,22,2016,,JEA,H5,squirrelfish,squirrelfish,,,16,,,,,,,,,,10,,5,,,1,,,,,,,,,,,,,,,,,,,,,,,,,,,,,,,,,
5/22/16,5,22,2016,,JEA,H5,reef squirrelfish,reef squirrelfish,,,21,,,,,10,,11,,,,,,,,,,,,,,,,,,,,,,,,,,,,,,,,,,,,,,,,,
5/22/16,5,22,2016,,JEA,H5,surgeonfish,doctorfish,,,2,,,,,,,,,,,,,,2,,,,,,,,,,,,,,,,,,,,,,,,,,,,,,,,,,
5/22/16,5,22,2016,,JEA,H5,blackbar soldierfish,blackbar soldierfish,,,45,,,,,,,,20,,20,,,,5,,,,,,,,,,,,,,,,,,,,,,,,,,,,,,,,,,
5/22/16,5,22,2016,,JEA,H5,queen angelfish,queen angelfish,,,2,,,,,,,2,,,,,,,,,,,,,,,,,,,,,,,,,,,,,,,,,,,,,,,,,
5/22/16,5,22,2016,,JEA,H5,beaugregory,beaugregory,,,1,,,,,1,,,,,,,,,,,,,,,,,,,,,,,,,,,,,,,,,,,,,,,,,,,
5/22/16,5,22,2016,,JEA,H5,foureye butterflyfish,foureye butterflyfish,,,2,,,,,2,,,,,,,,,,,,,,,,,,,,,,,,,,,,,,,,,,,,,,,,,,,
5/22/16,5,22,2016,,JEA,H5,juvenile grunts,grunt,,,3,,,,3,,,,,,,,,,,,,,,,,,,,,,,,,,,,,,,,,,,,,,,,,,,,
5/22/16,5,22,2016,,JEA,H5,portunid crab,invert,,,2,,   ,,,,,,,,,,,,,,,,,,,,,,,,,,,,,,,,,,,,,,,,,,,,,,